Artficial_timestamp,s_1,s_2,s_3,s_4,s_5,s_6,s_7,s_8,s_9,s_10,s_11,s_12,s_13,s_14,s_15,s_16,s_17,s_18,s_19,s_20,s_21
2000-04-15 00:01:04,445.0,549.49,1346.43,1119.4,3.91,5.71,139.91,2211.77,8314.39,1.02,41.96,130.44,2387.86,8078.34,9.4016,0.02,331,2212,100.0,10.48,6.4802
2000-04-16 00:01:04,445.0,549.28,1349.72,1120.21,3.91,5.72,138.72,2211.79,8318.3,1.02,41.94,131.08,2387.85,8081.08,9.3609,0.02,328,2212,100.0,10.48,6.323
2000-04-17 00:01:04,518.67,641.76,1584.42,1398.34,14.62,21.61,554.1,2388.08,9055.84,1.3,47.15,522.29,2388.06,8127.12,8.4348,0.03,391,2388,100.0,38.96,23.3866
2000-04-18 00:01:04,445.0,549.57,1351.21,1124.49,3.91,5.72,138.43,2211.86,8311.67,1.02,41.95,130.61,2387.83,8081.43,9.3394,0.02,330,2212,100.0,10.68,6.3902
2000-04-19 00:01:04,489.05,604.65,1506.18,1314.5,10.52,15.49,394.52,2318.88,8770.5,1.26,45.23,371.63,2388.07,8122.33,8.634,0.03,367,2319,100.0,28.47,17.1455
2000-04-20 00:01:04,489.05,604.51,1494.86,1306.75,10.52,15.49,394.82,2318.93,8772.0,1.26,45.44,371.37,2388.09,8124.41,8.6621,0.03,368,2319,100.0,28.63,17.1881
2000-04-21 00:01:04,489.05,603.94,1497.14,1299.35,10.52,15.49,394.37,2318.9,8771.3,1.26,45.38,371.12,2388.09,8131.54,8.6306,0.03,369,2319,100.0,28.54,17.1606
2000-04-22 00:01:04,462.54,536.48,1254.99,1040.57,7.05,9.02,175.46,1915.22,7997.14,0.94,36.77,164.68,2028.1,7869.09,10.8593,0.02,306,1915,84.93,14.24,8.5804
2000-04-23 00:01:04,489.05,604.28,1504.72,1305.81,10.52,15.49,394.85,2318.93,8777.47,1.26,45.19,372.14,2388.1,8125.8,8.6344,0.03,369,2319,100.0,28.55,17.1456
2000-04-24 00:01:04,491.19,607.39,1487.27,1250.27,9.35,13.65,335.15,2323.97,8714.38,1.08,44.28,315.31,2388.03,8056.25,9.1809,0.02,364,2324,100.0,24.49,14.7827
2000-04-25 00:01:04,491.19,607.4,1481.68,1248.38,9.35,13.65,334.58,2323.94,8721.46,1.08,44.48,315.03,2388.04,8054.23,9.2176,0.02,364,2324,100.0,24.52,14.6855
2000-04-26 00:01:04,491.19,607.47,1483.85,1243.77,9.35,13.65,335.0,2323.95,8721.04,1.08,44.25,315.5,2388.01,8059.7,9.212,0.02,363,2324,100.0,24.43,14.7559
2000-04-27 00:01:04,491.19,607.41,1484.36,1252.66,9.35,13.65,334.77,2323.89,8716.08,1.08,44.39,315.86,2388.06,8066.28,9.1835,0.02,365,2324,100.0,24.58,14.711
2000-04-28 00:01:04,449.44,555.68,1369.31,1124.68,5.48,8.0,195.14,2222.83,8347.64,1.03,41.68,183.06,2387.88,8062.39,9.3299,0.02,333,2223,100.0,14.9,8.914
2000-04-29 00:01:04,449.44,555.09,1365.91,1123.5,5.48,8.0,195.12,2222.81,8334.54,1.02,42.03,182.65,2387.91,8064.35,9.3037,0.02,334,2223,100.0,14.91,8.8349
2000-04-30 00:01:04,462.54,536.97,1260.35,1042.78,7.05,9.02,175.93,1915.24,8001.66,0.94,36.7,164.99,2028.06,7863.39,10.8444,0.02,306,1915,84.93,14.41,8.6068
2000-05-01 00:01:04,445.0,549.4,1354.03,1121.53,3.91,5.71,138.71,2211.82,8317.08,1.02,41.91,130.9,2387.89,8073.47,9.355,0.02,331,2212,100.0,10.48,6.4227
2000-05-02 00:01:04,491.19,607.59,1478.74,1250.01,9.35,13.65,335.03,2323.92,8714.05,1.08,44.21,315.24,2388.05,8051.2,9.2032,0.02,365,2324,100.0,24.41,14.6973
2000-05-03 00:01:04,462.54,536.11,1257.98,1043.0,7.05,9.03,175.24,1915.22,8002.59,0.94,36.66,164.89,2028.08,7864.82,10.9067,0.02,306,1915,84.93,14.28,8.6727
2000-05-04 00:01:04,449.44,555.7,1369.02,1128.17,5.48,8.0,194.78,2222.79,8344.99,1.02,41.72,183.03,2387.93,8056.9,9.306,0.02,333,2223,100.0,14.84,9.056
2000-05-05 00:01:04,518.67,642.55,1591.29,1403.48,14.62,21.61,553.31,2388.08,9044.42,1.3,47.46,521.92,2388.09,8129.29,8.3914,0.03,392,2388,100.0,39.05,23.4819
2000-05-06 00:01:04,489.05,604.41,1493.35,1309.41,10.52,15.49,394.83,2318.93,8778.89,1.26,45.49,371.55,2388.05,8122.65,8.6364,0.03,370,2319,100.0,28.65,17.1216
2000-05-07 00:01:04,449.44,555.11,1367.8,1128.27,5.48,8.0,194.25,2222.92,8340.25,1.02,41.82,183.09,2387.94,8064.95,9.2867,0.02,333,2223,100.0,14.72,8.9132
2000-05-08 00:01:04,462.54,537.03,1269.09,1046.21,7.05,9.02,175.33,1915.26,8003.81,0.94,36.53,164.93,2028.16,7872.68,10.8784,0.02,305,1915,84.93,14.3,8.5918
2000-05-09 00:01:04,491.19,607.84,1477.68,1243.77,9.35,13.65,334.38,2323.93,8712.51,1.08,44.4,315.07,2388.0,8057.7,9.201,0.02,365,2324,100.0,24.51,14.6782
2000-05-10 00:01:04,518.67,642.36,1589.58,1402.73,14.62,21.61,553.59,2388.08,9043.92,1.3,47.38,521.47,2388.07,8130.75,8.4122,0.03,392,2388,100.0,38.82,23.3574
2000-05-11 00:01:04,518.67,642.47,1586.58,1400.96,14.62,21.61,553.62,2388.11,9048.78,1.3,47.43,522.23,2388.09,8130.19,8.4291,0.03,393,2388,100.0,38.97,23.304
2000-05-12 00:01:04,491.19,607.49,1482.02,1252.84,9.35,13.65,334.51,2323.92,8718.43,1.08,44.29,315.41,2388.06,8056.52,9.1678,0.02,365,2324,100.0,24.25,14.729
2000-05-13 00:01:04,491.19,606.6,1478.28,1252.93,9.35,13.65,335.09,2323.88,8719.43,1.08,44.32,315.11,2388.01,8055.92,9.2005,0.02,364,2324,100.0,24.52,14.7774
2000-05-14 00:01:04,518.67,641.88,1589.65,1394.82,14.62,21.61,554.07,2388.1,9044.25,1.3,47.29,521.53,2388.03,8130.45,8.4253,0.03,394,2388,100.0,39.03,23.3281
2000-05-15 00:01:04,449.44,555.35,1367.07,1124.03,5.48,8.0,195.47,2222.93,8340.23,1.02,41.8,182.87,2387.94,8066.24,9.2665,0.02,332,2223,100.0,14.92,8.8711
2000-05-16 00:01:04,462.54,536.55,1261.0,1042.41,7.05,9.03,174.69,1915.25,8008.18,0.94,36.48,164.97,2028.19,7868.12,10.8928,0.02,307,1915,84.93,14.21,8.5602
2000-05-17 00:01:04,445.0,549.12,1352.07,1121.08,3.91,5.71,139.69,2211.78,8317.2,1.02,41.95,130.83,2387.84,8076.6,9.3122,0.02,328,2212,100.0,10.75,6.3283
2000-05-18 00:01:04,449.44,555.1,1360.07,1138.2,5.48,8.0,194.74,2222.84,8336.76,1.02,41.61,183.38,2387.87,8061.65,9.2868,0.02,334,2223,100.0,14.93,8.9223
2000-05-19 00:01:04,445.0,549.3,1347.42,1118.34,3.91,5.71,138.67,2211.83,8315.15,1.02,41.94,131.1,2387.88,8080.82,9.3308,0.02,332,2212,100.0,10.51,6.4504
2000-05-20 00:01:04,445.0,549.34,1353.93,1124.84,3.91,5.72,138.59,2211.73,8314.87,1.02,41.99,130.36,2387.79,8078.95,9.3772,0.02,330,2212,100.0,10.69,6.312
2000-05-21 00:01:04,445.0,549.32,1353.17,1116.38,3.91,5.71,138.71,2211.76,8317.13,1.02,42.04,130.66,2387.86,8075.82,9.3433,0.02,330,2212,100.0,10.74,6.3522
2000-05-22 00:01:04,489.05,605.21,1499.61,1297.77,10.52,15.49,395.12,2318.89,8772.94,1.26,45.24,371.51,2388.12,8122.66,8.6378,0.03,369,2319,100.0,28.47,17.0835
2000-05-23 00:01:04,518.67,642.19,1584.48,1398.69,14.62,21.61,553.19,2388.05,9042.83,1.3,47.37,521.96,2388.07,8133.83,8.3725,0.03,390,2388,100.0,38.77,23.4732
2000-05-24 00:01:04,449.44,555.62,1364.25,1122.08,5.48,8.0,194.71,2222.88,8344.28,1.02,41.79,182.72,2387.93,8063.34,9.3426,0.02,333,2223,100.0,14.77,8.925
2000-05-25 00:01:04,445.0,549.7,1347.84,1122.05,3.91,5.71,138.55,2211.83,8312.62,1.02,41.91,130.89,2387.92,8083.37,9.3135,0.02,330,2212,100.0,10.6,6.4241
2000-05-26 00:01:04,445.0,549.62,1355.29,1120.31,3.91,5.71,138.85,2211.78,8320.3,1.02,41.98,130.49,2387.86,8075.64,9.3241,0.02,330,2212,100.0,10.69,6.2814
2000-05-27 00:01:04,518.67,642.91,1589.87,1398.04,14.62,21.6,554.02,2388.1,9043.11,1.3,47.34,521.92,2388.07,8131.18,8.3734,0.03,392,2388,100.0,38.95,23.3382
2000-05-28 00:01:04,449.44,555.22,1364.48,1124.9,5.48,8.0,195.19,2222.86,8344.19,1.02,41.87,183.41,2387.88,8056.19,9.3336,0.02,333,2223,100.0,14.94,8.8349
2000-05-29 00:01:04,491.19,607.56,1481.2,1250.04,9.35,13.65,334.11,2323.97,8719.08,1.08,44.28,315.2,2388.04,8052.54,9.2036,0.02,366,2324,100.0,24.51,14.6959
2000-05-30 00:01:04,445.0,549.94,1344.79,1127.98,3.91,5.71,138.32,2211.76,8307.89,1.02,42.05,130.89,2387.89,8074.01,9.3481,0.02,330,2212,100.0,10.66,6.4433
2000-05-31 00:01:04,491.19,607.57,1482.08,1250.52,9.35,13.65,334.56,2323.93,8719.1,1.08,44.38,314.4,2387.99,8053.73,9.2174,0.02,364,2324,100.0,24.25,14.8244
2000-06-01 00:01:04,449.44,554.84,1365.79,1115.89,5.48,8.0,194.7,2222.82,8340.51,1.02,41.71,183.5,2387.92,8065.81,9.296,0.02,333,2223,100.0,14.84,8.8275
2000-06-02 00:01:04,491.19,607.02,1480.74,1248.35,9.35,13.66,334.39,2323.95,8724.77,1.08,44.25,315.37,2388.02,8057.75,9.1968,0.02,364,2324,100.0,24.55,14.7109
2000-06-03 00:01:04,449.44,555.45,1366.97,1122.05,5.48,8.0,194.23,2222.81,8341.41,1.02,41.76,183.35,2387.88,8061.5,9.3208,0.02,334,2223,100.0,14.73,9.0587
2000-06-04 00:01:04,491.19,606.97,1478.65,1247.75,9.35,13.66,335.05,2323.95,8723.53,1.08,44.29,315.34,2388.02,8059.39,9.2213,0.02,366,2324,100.0,24.48,14.7307
2000-06-05 00:01:04,491.19,607.04,1478.9,1246.99,9.35,13.65,334.68,2323.92,8715.96,1.08,44.25,315.71,2388.09,8054.73,9.2044,0.02,366,2324,100.0,24.46,14.7161
2000-06-06 00:01:04,449.44,555.83,1368.18,1127.6,5.48,8.0,194.45,2222.9,8346.85,1.02,41.86,183.28,2387.98,8058.92,9.2981,0.02,333,2223,100.0,15.05,8.8226
2000-06-07 00:01:04,491.19,607.59,1479.64,1255.31,9.35,13.65,335.68,2323.93,8717.49,1.08,44.32,315.45,2388.08,8057.21,9.2235,0.02,363,2324,100.0,24.41,14.7124
2000-06-08 00:01:04,462.54,536.43,1256.69,1046.16,7.05,9.03,176.04,1915.25,8009.32,0.94,36.65,164.86,2028.14,7866.8,10.9018,0.02,306,1915,84.93,14.26,8.604
2000-06-09 00:01:04,449.44,555.28,1367.0,1130.06,5.48,8.0,193.82,2222.83,8346.0,1.02,41.74,182.86,2387.91,8058.64,9.2817,0.02,333,2223,100.0,15.02,8.9942
2000-06-10 00:01:04,445.0,548.89,1338.87,1122.4,3.91,5.71,138.33,2211.74,8311.58,1.02,41.88,130.99,2387.82,8077.01,9.3613,0.02,331,2212,100.0,10.76,6.3041
2000-06-11 00:01:04,445.0,549.79,1350.44,1121.55,3.91,5.71,138.84,2211.77,8312.97,1.02,42.01,130.71,2387.83,8079.57,9.3397,0.02,331,2212,100.0,10.57,6.381
2000-06-12 00:01:04,449.44,555.13,1366.5,1120.22,5.48,8.0,194.85,2222.85,8344.21,1.02,41.87,182.84,2387.9,8061.75,9.312,0.02,333,2223,100.0,14.87,8.8728
2000-06-13 00:01:04,449.44,555.45,1364.43,1124.96,5.48,8.0,194.43,2222.8,8345.12,1.02,41.73,183.27,2387.87,8058.65,9.254,0.02,333,2223,100.0,14.96,9.0649
2000-06-14 00:01:04,445.0,549.36,1354.78,1123.98,3.91,5.71,139.15,2211.86,8316.35,1.02,41.8,130.68,2387.88,8076.59,9.3682,0.02,329,2212,100.0,10.65,6.4405
2000-06-15 00:01:04,518.67,642.5,1582.24,1401.08,14.62,21.61,553.55,2388.06,9038.92,1.3,47.35,521.58,2388.08,8132.01,8.4349,0.03,395,2388,100.0,38.86,23.286
2000-06-16 00:01:04,491.19,607.72,1483.58,1246.26,9.35,13.66,333.69,2323.86,8715.3,1.08,44.2,314.96,2388.02,8057.0,9.217,0.02,363,2324,100.0,24.29,14.7668
2000-06-17 00:01:04,489.05,605.17,1495.83,1307.87,10.52,15.49,394.69,2318.89,8765.26,1.26,45.49,371.89,2388.16,8120.28,8.645,0.03,370,2319,100.0,28.65,17.159
2000-06-18 00:01:04,449.44,555.49,1363.03,1124.83,5.48,8.0,195.08,2222.8,8341.8,1.02,41.82,183.71,2387.91,8063.2,9.2802,0.02,333,2223,100.0,14.84,8.964
2000-06-19 00:01:04,462.54,536.68,1258.42,1048.75,7.05,9.03,175.48,1915.23,8002.13,0.94,36.59,164.29,2028.12,7867.92,10.8665,0.02,308,1915,84.93,14.36,8.5158
2000-06-20 00:01:04,445.0,549.7,1354.67,1125.72,3.91,5.71,138.56,2211.81,8314.69,1.02,42.12,130.56,2387.85,8077.77,9.3996,0.02,330,2212,100.0,10.65,6.3602
2000-06-21 00:01:04,489.05,604.41,1500.59,1306.36,10.52,15.49,394.85,2318.9,8767.19,1.26,45.44,372.7,2388.07,8122.86,8.608,0.03,369,2319,100.0,28.64,17.1448
2000-06-22 00:01:04,518.67,642.48,1586.87,1400.27,14.62,21.61,554.21,2388.09,9042.93,1.3,47.25,521.88,2388.1,8131.77,8.4184,0.03,392,2388,100.0,38.93,23.3729
2000-06-23 00:01:04,491.19,607.43,1486.4,1248.77,9.35,13.66,335.15,2323.88,8715.38,1.08,44.18,314.75,2388.08,8056.57,9.2007,0.02,365,2324,100.0,24.48,14.6738
2000-06-24 00:01:04,489.05,604.65,1494.16,1305.47,10.52,15.49,394.88,2318.88,8771.3,1.26,45.42,371.82,2388.08,8123.76,8.615,0.03,368,2319,100.0,28.54,17.0853
2000-06-25 00:01:04,518.67,641.74,1582.62,1404.93,14.62,21.61,553.64,2388.08,9047.28,1.3,47.55,521.97,2388.1,8133.17,8.4294,0.03,392,2388,100.0,39.03,23.4567
2000-06-26 00:01:04,518.67,642.42,1583.76,1402.4,14.62,21.61,554.04,2388.04,9046.81,1.3,47.21,521.97,2388.04,8132.16,8.3807,0.03,392,2388,100.0,38.9,23.3698
2000-06-27 00:01:04,518.67,642.88,1588.82,1405.45,14.62,21.61,554.12,2388.07,9050.02,1.3,47.31,521.71,2388.1,8131.17,8.3939,0.03,392,2388,100.0,38.79,23.2541
2000-06-28 00:01:04,449.44,555.41,1365.35,1127.99,5.48,8.0,194.46,2222.84,8340.25,1.02,41.92,183.19,2387.97,8061.19,9.2826,0.02,331,2223,100.0,14.88,8.9407
2000-06-29 00:01:04,489.05,604.75,1499.52,1308.68,10.52,15.49,394.59,2318.89,8779.11,1.26,45.33,371.47,2388.08,8121.95,8.6146,0.03,368,2319,100.0,28.47,17.2078
2000-06-30 00:01:04,449.44,555.97,1358.06,1124.45,5.48,8.0,194.77,2222.84,8337.07,1.02,41.74,183.34,2387.92,8059.47,9.2944,0.02,333,2223,100.0,14.93,9.052
2000-07-01 00:01:04,445.0,549.56,1343.8,1126.5,3.91,5.71,139.53,2211.81,8317.53,1.02,42.04,130.6,2387.87,8076.73,9.3437,0.02,330,2212,100.0,10.56,6.3536
2000-07-02 00:01:04,491.19,607.22,1480.41,1252.48,9.35,13.66,335.05,2323.92,8721.35,1.07,44.32,315.08,2387.97,8058.5,9.2197,0.02,365,2324,100.0,24.48,14.7161
2000-07-03 00:01:04,489.05,604.97,1501.95,1302.93,10.52,15.49,394.91,2318.91,8771.12,1.26,45.28,371.73,2388.07,8122.0,8.6547,0.03,370,2319,100.0,28.55,17.1336
2000-07-04 00:01:04,445.0,549.5,1350.48,1122.88,3.91,5.71,138.55,2211.78,8315.27,1.02,41.86,130.87,2387.85,8076.72,9.3194,0.02,331,2212,100.0,10.82,6.3633
2000-07-05 00:01:04,449.44,556.0,1359.53,1120.41,5.48,8.0,194.98,2222.88,8350.66,1.02,41.66,183.58,2387.91,8062.57,9.3646,0.02,333,2223,100.0,14.91,8.954
2000-07-06 00:01:04,445.0,549.46,1351.98,1121.63,3.91,5.71,139.56,2211.78,8312.47,1.02,42.21,130.9,2387.87,8078.46,9.3627,0.02,331,2212,100.0,10.67,6.3475
2000-07-07 00:01:04,445.0,549.69,1349.51,1124.52,3.91,5.72,137.86,2211.83,8309.73,1.02,42.13,131.18,2387.94,8081.32,9.3348,0.02,329,2212,100.0,10.68,6.3544
2000-07-08 00:01:04,449.44,555.95,1372.52,1131.14,5.48,8.0,194.73,2222.81,8338.05,1.02,41.75,183.13,2387.88,8057.99,9.3214,0.02,334,2223,100.0,15.05,8.9348
2000-07-09 00:01:04,462.54,536.43,1263.25,1041.96,7.05,9.02,175.71,1915.23,8001.52,0.94,36.61,164.79,2028.12,7868.82,10.8834,0.02,305,1915,84.93,14.25,8.5756
2000-07-10 00:01:04,449.44,555.03,1366.5,1130.94,5.48,8.0,193.93,2222.84,8342.86,1.02,41.76,182.55,2387.88,8061.56,9.2986,0.02,333,2223,100.0,14.64,8.8638
2000-07-11 00:01:04,489.05,604.81,1498.63,1306.83,10.52,15.49,394.54,2318.87,8777.42,1.26,45.42,372.0,2388.12,8120.01,8.6434,0.03,370,2319,100.0,28.57,17.0129
2000-07-12 00:01:04,489.05,604.42,1502.5,1303.51,10.52,15.49,394.65,2318.9,8767.23,1.26,45.44,371.69,2388.13,8125.37,8.6296,0.03,370,2319,100.0,28.54,17.1836
2000-07-13 00:01:04,449.44,555.15,1364.21,1124.01,5.48,8.0,194.02,2222.85,8350.74,1.02,42.02,182.97,2387.9,8058.55,9.3244,0.02,333,2223,100.0,14.93,8.8467
2000-07-14 00:01:04,462.54,537.0,1259.95,1046.17,7.05,9.02,175.46,1915.26,8009.39,0.94,36.7,164.8,2028.08,7865.42,10.8764,0.02,307,1915,84.93,14.37,8.5117
2000-07-15 00:01:04,445.0,549.83,1352.89,1126.46,3.91,5.72,138.98,2211.78,8313.51,1.02,41.92,130.27,2387.91,8078.29,9.3428,0.02,329,2212,100.0,10.62,6.3883
2000-07-16 00:01:04,462.54,536.82,1257.68,1054.4,7.05,9.02,175.36,1915.25,8004.22,0.94,36.79,164.75,2028.1,7868.96,10.8676,0.02,307,1915,84.93,14.28,8.648
2000-07-17 00:01:04,491.19,607.34,1477.88,1255.43,9.35,13.65,335.17,2323.88,8711.1,1.08,44.35,314.89,2388.03,8050.27,9.2216,0.02,365,2324,100.0,24.49,14.6547
2000-07-18 00:01:04,445.0,549.77,1351.49,1119.59,3.91,5.72,138.54,2211.73,8320.38,1.02,42.05,130.68,2387.88,8077.45,9.366,0.02,329,2212,100.0,10.75,6.3994
2000-07-19 00:01:04,445.0,549.42,1354.25,1127.16,3.91,5.72,138.65,2211.78,8319.91,1.02,41.98,130.74,2387.85,8086.47,9.3686,0.02,330,2212,100.0,10.67,6.3943
2000-07-20 00:01:04,445.0,549.25,1351.57,1129.18,3.91,5.71,138.76,2211.79,8316.83,1.02,41.73,129.94,2387.8,8075.33,9.3599,0.02,329,2212,100.0,10.64,6.424
2000-07-21 00:01:04,518.67,642.02,1586.32,1402.83,14.62,21.61,553.03,2388.07,9048.94,1.3,47.24,522.02,2388.09,8131.41,8.4448,0.03,392,2388,100.0,39.01,23.3894
2000-07-22 00:01:04,449.44,555.21,1361.09,1127.7,5.48,8.0,194.92,2222.93,8346.33,1.02,41.67,183.2,2387.91,8063.73,9.3011,0.02,335,2223,100.0,14.96,8.9108
2000-07-23 00:01:04,489.05,604.41,1499.48,1305.07,10.52,15.49,394.67,2318.93,8769.82,1.26,45.36,371.5,2388.17,8117.29,8.6639,0.03,369,2319,100.0,28.65,17.2205
2000-07-24 00:01:04,518.67,642.54,1581.55,1402.08,14.62,21.61,553.23,2388.08,9049.59,1.3,47.33,521.72,2388.06,8133.82,8.4313,0.03,393,2388,100.0,38.96,23.1911
2000-07-25 00:01:04,445.0,549.54,1350.16,1118.69,3.91,5.71,138.81,2211.82,8316.04,1.02,42.1,130.8,2387.83,8074.36,9.3529,0.02,331,2212,100.0,10.77,6.3736
2000-07-26 00:01:04,445.0,549.73,1349.88,1122.24,3.91,5.71,138.47,2211.79,8317.25,1.02,42.17,130.36,2387.85,8077.7,9.3771,0.02,331,2212,100.0,10.5,6.41
2000-07-27 00:01:04,462.54,537.02,1258.66,1047.32,7.05,9.02,175.51,1915.19,8004.41,0.94,36.64,164.52,2028.12,7866.86,10.8813,0.02,307,1915,84.93,14.36,8.6019
2000-07-28 00:01:04,445.0,549.72,1352.75,1131.24,3.91,5.71,138.17,2211.81,8311.14,1.02,42.02,129.98,2387.86,8074.36,9.3729,0.02,331,2212,100.0,10.63,6.4113
2000-07-29 00:01:04,491.19,607.37,1488.28,1255.0,9.35,13.66,334.29,2323.9,8718.85,1.08,44.35,314.47,2388.03,8060.06,9.2393,0.02,363,2324,100.0,24.58,14.7241
2000-07-30 00:01:04,449.44,555.34,1358.82,1131.79,5.48,8.0,195.11,2222.81,8338.03,1.02,41.74,183.59,2387.87,8063.61,9.3056,0.02,334,2223,100.0,14.82,9.0274
2000-07-31 00:01:04,518.67,642.68,1582.75,1403.48,14.62,21.61,553.86,2388.08,9043.87,1.3,47.42,521.89,2388.04,8129.68,8.452,0.03,391,2388,100.0,39.0,23.3483
2000-08-01 00:01:04,489.05,604.37,1498.98,1301.83,10.52,15.49,394.68,2318.87,8775.59,1.26,45.4,371.81,2388.15,8124.7,8.6697,0.03,368,2319,100.0,28.67,17.1597
2000-08-02 00:01:04,445.0,549.76,1351.97,1124.08,3.91,5.72,138.28,2211.77,8314.24,1.02,42.07,130.45,2387.84,8080.2,9.364,0.02,329,2212,100.0,10.58,6.3707
2000-08-03 00:01:04,489.05,604.73,1502.24,1306.93,10.52,15.49,394.27,2318.9,8775.0,1.26,45.27,370.87,2388.14,8127.46,8.6077,0.03,369,2319,100.0,28.4,17.11
2000-08-04 00:01:04,518.67,642.48,1584.58,1406.4,14.62,21.61,553.74,2388.13,9047.73,1.3,47.36,522.0,2388.08,8132.44,8.3678,0.03,393,2388,100.0,39.05,23.3394
2000-08-05 00:01:04,449.44,555.13,1370.79,1126.01,5.48,8.0,194.5,2222.81,8340.61,1.02,41.84,182.83,2387.96,8068.25,9.3093,0.02,334,2223,100.0,14.93,8.9257
2000-08-06 00:01:04,491.19,607.29,1481.91,1244.97,9.35,13.66,334.26,2323.96,8720.55,1.08,44.26,314.91,2388.08,8058.22,9.2296,0.02,364,2324,100.0,24.41,14.6922
2000-08-07 00:01:04,462.54,536.9,1263.36,1044.33,7.05,9.02,176.12,1915.3,8004.39,0.94,36.4,164.25,2028.17,7871.13,10.8912,0.02,307,1915,84.93,14.25,8.5765
2000-08-08 00:01:04,449.44,555.6,1365.74,1133.04,5.48,8.0,195.2,2222.87,8350.81,1.02,41.94,183.13,2387.98,8062.24,9.3299,0.02,333,2223,100.0,14.76,8.8716
2000-08-09 00:01:04,449.44,555.63,1368.14,1125.9,5.48,8.0,194.47,2222.84,8338.04,1.02,41.93,183.52,2387.93,8063.45,9.2935,0.02,334,2223,100.0,14.97,8.8871
2000-08-10 00:01:04,491.19,607.16,1484.96,1251.82,9.35,13.66,334.91,2324.01,8714.22,1.08,44.39,314.55,2388.06,8059.98,9.1799,0.02,364,2324,100.0,24.52,14.7177
2000-08-11 00:01:04,462.54,536.83,1257.33,1047.23,7.05,9.03,175.87,1915.22,8002.49,0.94,36.74,164.22,2028.18,7867.96,10.919,0.02,307,1915,84.93,14.43,8.429
2000-08-12 00:01:04,445.0,550.04,1358.69,1123.49,3.91,5.72,139.22,2211.79,8314.44,1.02,42.02,130.77,2387.77,8078.61,9.3674,0.02,330,2212,100.0,10.52,6.2704
2000-08-13 00:01:04,445.0,549.69,1352.73,1116.55,3.91,5.71,138.38,2211.72,8316.51,1.02,42.26,130.54,2387.77,8076.46,9.3549,0.02,331,2212,100.0,10.57,6.4744
2000-08-14 00:01:04,449.44,555.11,1362.63,1129.71,5.48,8.0,195.22,2222.87,8345.69,1.02,41.99,182.29,2387.95,8062.56,9.3118,0.02,334,2223,100.0,14.64,8.9364
2000-08-15 00:01:04,449.44,555.67,1357.7,1133.12,5.48,8.0,194.19,2222.79,8340.86,1.02,41.81,183.31,2387.92,8060.53,9.2992,0.02,335,2223,100.0,14.86,8.8497
2000-08-16 00:01:04,518.67,642.95,1576.97,1397.66,14.62,21.61,553.59,2388.05,9044.51,1.3,47.52,521.99,2388.09,8127.14,8.3777,0.03,392,2388,100.0,39.03,23.2003
2000-08-17 00:01:04,445.0,549.57,1348.72,1120.8,3.91,5.72,138.87,2211.79,8317.7,1.02,42.25,130.92,2387.83,8081.99,9.3753,0.02,331,2212,100.0,10.81,6.4799
2000-08-18 00:01:04,449.44,555.22,1364.08,1125.08,5.48,8.0,194.23,2222.88,8339.49,1.02,42.07,182.97,2387.97,8062.19,9.3388,0.02,333,2223,100.0,15.01,8.9592
2000-08-19 00:01:04,445.0,549.75,1348.32,1124.89,3.91,5.71,138.88,2211.8,8314.76,1.02,41.98,130.17,2387.88,8074.39,9.3856,0.02,332,2212,100.0,10.66,6.3761
2000-08-20 00:01:04,518.67,642.58,1587.55,1405.16,14.62,21.61,553.81,2388.14,9046.06,1.3,47.39,521.27,2388.07,8127.58,8.4165,0.03,392,2388,100.0,38.92,23.3654
2000-08-21 00:01:04,462.54,536.26,1254.66,1048.64,7.05,9.02,175.31,1915.27,8004.95,0.94,36.83,164.58,2028.11,7865.74,10.9094,0.02,305,1915,84.93,14.28,8.5547
2000-08-22 00:01:04,462.54,536.65,1263.3,1043.12,7.05,9.03,175.0,1915.26,8001.13,0.94,36.69,164.68,2028.12,7872.93,10.9186,0.02,308,1915,84.93,14.31,8.5326
2000-08-23 00:01:04,445.0,549.43,1349.28,1124.18,3.91,5.71,139.29,2211.72,8315.3,1.02,42.04,130.84,2387.83,8081.33,9.3463,0.02,330,2212,100.0,10.58,6.3399
2000-08-24 00:01:04,518.67,643.01,1587.64,1408.19,14.62,21.61,553.98,2388.08,9046.52,1.3,47.27,521.72,2388.04,8131.07,8.3984,0.03,392,2388,100.0,38.84,23.3221
2000-08-25 00:01:04,518.67,642.7,1583.09,1405.65,14.62,21.61,553.55,2388.1,9054.82,1.3,47.35,522.01,2388.14,8129.71,8.4234,0.03,392,2388,100.0,38.91,23.3696
2000-08-26 00:01:04,462.54,536.48,1268.12,1045.6,7.05,9.03,175.55,1915.28,8005.11,0.94,36.75,164.66,2028.15,7873.16,10.8728,0.02,307,1915,84.93,14.25,8.5828
2000-08-27 00:01:04,462.54,536.27,1262.67,1047.51,7.05,9.03,175.06,1915.22,8009.29,0.94,36.7,164.32,2028.08,7869.68,10.9045,0.02,306,1915,84.93,14.24,8.5318
2000-08-28 00:01:04,491.19,606.93,1483.83,1245.49,9.35,13.66,333.49,2323.99,8727.1,1.08,44.39,314.68,2388.01,8055.29,9.1781,0.02,365,2324,100.0,24.61,14.7673
2000-08-29 00:01:04,489.05,605.24,1499.97,1307.35,10.52,15.49,394.61,2318.9,8772.89,1.26,45.41,371.62,2388.14,8115.73,8.6445,0.03,370,2319,100.0,28.51,17.1937
2000-08-30 00:01:04,491.19,606.96,1485.1,1253.72,9.35,13.65,334.54,2323.91,8722.06,1.07,44.32,314.58,2388.1,8058.33,9.2402,0.02,366,2324,100.0,24.53,14.643
2000-08-31 00:01:04,445.0,549.79,1352.67,1129.76,3.91,5.71,138.07,2211.74,8318.51,1.02,42.1,130.28,2387.92,8075.57,9.3477,0.02,331,2212,100.0,10.43,6.3026
2000-09-01 00:01:04,462.54,536.97,1262.64,1040.35,7.05,9.03,175.31,1915.26,8009.17,0.94,36.77,164.9,2028.14,7869.58,10.8533,0.02,307,1915,84.93,14.29,8.5269
2000-09-02 00:01:04,518.67,642.56,1590.9,1402.98,14.62,21.61,553.96,2388.12,9051.15,1.3,47.35,522.11,2388.05,8131.85,8.4438,0.03,392,2388,100.0,38.83,23.203
2000-09-03 00:01:04,449.44,555.47,1365.7,1125.1,5.48,8.0,194.34,2222.8,8338.88,1.02,42.02,183.14,2387.89,8053.93,9.3482,0.02,331,2223,100.0,14.67,8.8758
2000-09-04 00:01:04,491.19,607.45,1482.86,1250.68,9.35,13.65,335.03,2323.95,8716.44,1.07,44.46,315.59,2388.07,8055.36,9.2222,0.02,364,2324,100.0,24.57,14.7573
2000-09-05 00:01:04,462.54,536.22,1263.65,1051.1,7.05,9.03,174.8,1915.25,8009.33,0.94,36.99,164.87,2028.1,7872.55,10.8948,0.02,307,1915,84.93,14.35,8.5097
2000-09-06 00:01:04,449.44,555.81,1370.58,1127.5,5.48,8.0,193.91,2222.82,8338.12,1.02,41.97,183.22,2387.92,8058.81,9.3293,0.02,335,2223,100.0,14.84,8.8955
2000-09-07 00:01:04,462.54,536.6,1260.22,1043.13,7.05,9.03,175.52,1915.3,8002.12,0.94,36.84,164.44,2028.06,7869.42,10.8733,0.02,308,1915,84.93,14.03,8.5128
2000-09-08 00:01:04,489.05,604.84,1500.06,1304.1,10.52,15.49,393.94,2318.92,8773.91,1.26,45.34,371.31,2388.14,8123.95,8.6915,0.03,368,2319,100.0,28.71,17.1651
2000-09-09 00:01:04,445.0,549.13,1346.2,1122.72,3.91,5.72,138.12,2211.76,8316.13,1.02,42.07,130.13,2387.88,8077.6,9.3624,0.02,330,2212,100.0,10.63,6.3455
2000-09-10 00:01:04,449.44,555.36,1367.77,1123.22,5.48,8.0,194.14,2222.86,8347.99,1.02,42.03,183.55,2387.89,8062.8,9.3188,0.02,334,2223,100.0,15.06,8.9073
2000-09-11 00:01:04,445.0,549.17,1344.89,1120.56,3.91,5.71,139.08,2211.77,8312.49,1.02,41.91,130.29,2387.86,8085.2,9.3872,0.02,332,2212,100.0,10.6,6.2935
2000-09-12 00:01:04,462.54,537.3,1261.05,1056.35,7.05,9.03,175.28,1915.26,8012.48,0.94,36.75,164.69,2028.12,7867.03,10.9007,0.02,307,1915,84.93,14.12,8.5471
2000-09-13 00:01:04,449.44,556.1,1367.7,1131.77,5.48,8.0,194.43,2222.86,8351.91,1.02,41.96,183.19,2387.91,8061.03,9.2934,0.02,333,2223,100.0,14.85,8.9137
2000-09-14 00:01:04,462.54,536.46,1262.13,1057.07,7.05,9.03,175.37,1915.31,8003.9,0.94,36.78,164.89,2028.15,7869.52,10.9156,0.02,307,1915,84.93,14.43,8.663
2000-09-15 00:01:04,518.67,642.73,1589.76,1401.22,14.62,21.61,553.1,2388.09,9051.82,1.3,47.46,521.43,2388.14,8126.07,8.453,0.03,393,2388,100.0,38.88,23.2913
2000-09-16 00:01:04,445.0,549.74,1355.49,1127.39,3.91,5.72,139.51,2211.73,8308.05,1.02,41.99,130.87,2387.79,8074.96,9.3452,0.02,331,2212,100.0,10.62,6.3487
2000-09-17 00:01:04,445.0,549.88,1356.13,1126.77,3.91,5.71,138.87,2211.78,8326.56,1.02,42.14,131.0,2387.84,8074.41,9.3663,0.02,330,2212,100.0,10.64,6.3293
2000-09-18 00:01:04,445.0,549.82,1353.8,1120.15,3.91,5.71,138.68,2211.71,8316.68,1.02,42.15,130.58,2387.78,8071.99,9.346,0.02,331,2212,100.0,10.66,6.3539
2000-09-19 00:01:04,489.05,604.99,1503.25,1312.89,10.52,15.5,394.47,2318.94,8767.19,1.26,45.45,371.66,2388.18,8121.34,8.6553,0.03,369,2319,100.0,28.55,17.2086
2000-09-20 00:01:04,462.54,537.01,1255.76,1052.89,7.05,9.02,175.19,1915.24,8005.3,0.94,36.55,164.34,2028.13,7871.95,10.9362,0.02,306,1915,84.93,14.33,8.5046
2000-09-21 00:01:04,489.05,604.73,1503.61,1309.65,10.52,15.49,394.67,2318.97,8771.79,1.26,45.38,371.23,2388.12,8123.03,8.6466,0.03,367,2319,100.0,28.47,17.1359
2000-09-22 00:01:04,491.19,607.41,1486.19,1255.96,9.35,13.65,334.09,2323.92,8716.31,1.08,44.61,315.05,2388.1,8057.65,9.2347,0.02,366,2324,100.0,24.6,14.7032
2000-09-23 00:01:04,491.19,607.68,1479.78,1248.58,9.35,13.65,334.12,2323.93,8720.97,1.08,44.14,315.7,2388.02,8051.78,9.2087,0.02,365,2324,100.0,24.59,14.7119
2000-09-24 00:01:04,449.44,555.49,1361.13,1122.06,5.48,8.0,193.86,2222.8,8340.91,1.02,41.97,183.1,2387.91,8064.77,9.3125,0.02,331,2223,100.0,14.7,8.9092
2000-09-25 00:01:04,445.0,549.25,1359.85,1119.0,3.91,5.72,138.57,2211.72,8308.63,1.02,42.29,130.3,2387.78,8082.48,9.3817,0.02,331,2212,100.0,10.49,6.4088
2000-09-26 00:01:04,491.19,608.12,1485.21,1250.61,9.35,13.66,334.45,2323.94,8713.16,1.08,44.53,315.37,2388.05,8061.06,9.2366,0.02,366,2324,100.0,24.47,14.695
2000-09-27 00:01:04,489.05,604.61,1501.18,1308.83,10.52,15.49,394.92,2318.92,8765.37,1.26,45.43,372.16,2388.14,8124.51,8.6451,0.03,370,2319,100.0,28.51,17.0379
2000-09-28 00:01:04,462.54,536.37,1261.66,1045.39,7.05,9.02,175.74,1915.23,8007.94,0.94,36.52,164.7,2028.17,7868.15,10.8822,0.02,308,1915,84.93,14.35,8.4879
2000-09-29 00:01:04,491.19,607.78,1486.42,1252.31,9.35,13.65,335.1,2323.96,8715.37,1.07,44.23,314.67,2388.1,8052.89,9.2491,0.02,365,2324,100.0,24.6,14.6339
2000-09-30 00:01:04,445.0,549.64,1356.78,1121.76,3.91,5.72,138.35,2211.74,8317.87,1.02,42.13,130.38,2387.76,8075.31,9.3838,0.02,331,2212,100.0,10.53,6.2919
2000-10-01 00:01:04,462.54,536.77,1263.04,1048.9,7.05,9.03,174.82,1915.23,8006.34,0.94,36.64,164.92,2028.11,7869.37,10.8901,0.02,308,1915,84.93,14.37,8.584
2000-10-02 00:01:04,462.54,537.02,1254.87,1046.78,7.05,9.03,175.56,1915.2,8004.82,0.94,36.7,165.09,2028.12,7871.79,10.9219,0.02,308,1915,84.93,14.29,8.6239
2000-10-03 00:01:04,518.67,642.88,1587.25,1409.42,14.62,21.61,553.61,2388.12,9042.82,1.3,47.43,522.14,2388.07,8130.49,8.4455,0.03,394,2388,100.0,38.95,23.3511
2000-10-04 00:01:04,489.05,604.8,1490.33,1308.52,10.52,15.49,393.91,2318.98,8777.15,1.26,45.39,370.99,2388.18,8127.68,8.6512,0.03,370,2319,100.0,28.55,17.2187
2000-10-05 00:01:04,518.67,643.05,1593.5,1406.94,14.62,21.61,552.86,2388.18,9047.8,1.3,47.75,521.39,2388.16,8127.45,8.4574,0.03,395,2388,100.0,38.83,23.246
2000-10-06 00:01:04,518.67,642.55,1588.19,1403.54,14.62,21.61,553.88,2388.12,9051.85,1.3,47.5,521.4,2388.11,8127.81,8.4485,0.03,395,2388,100.0,38.96,23.2083
2000-10-07 00:01:04,489.05,604.93,1491.2,1307.41,10.52,15.5,394.36,2318.95,8772.07,1.26,45.49,371.38,2388.18,8124.06,8.6852,0.03,370,2319,100.0,28.54,17.0871
2000-10-08 00:01:04,491.19,607.35,1483.19,1254.71,9.35,13.66,334.44,2323.92,8716.39,1.08,44.3,314.64,2388.06,8049.33,9.2368,0.03,368,2324,100.0,24.49,14.8074
2000-10-09 00:01:04,518.67,642.54,1590.0,1405.29,14.62,21.61,552.95,2388.14,9053.68,1.3,47.51,521.5,2388.12,8126.98,8.4422,0.03,394,2388,100.0,38.69,23.2807
2000-10-10 00:01:04,489.05,604.96,1502.4,1309.64,10.52,15.5,394.24,2318.95,8769.67,1.26,45.37,371.5,2388.16,8124.94,8.6725,0.03,370,2319,100.0,28.65,17.1546
2000-10-11 00:01:04,518.67,642.91,1595.11,1411.35,14.62,21.61,552.94,2388.08,9042.54,1.3,47.5,521.34,2388.18,8128.87,8.4674,0.03,395,2388,100.0,38.96,23.3773
2000-10-12 00:01:04,518.67,643.16,1598.27,1413.11,14.62,21.61,553.95,2388.09,9046.96,1.3,47.62,521.18,2388.15,8129.43,8.4298,0.03,392,2388,100.0,38.95,23.2437
2000-10-13 00:01:04,491.19,607.84,1492.58,1251.97,9.35,13.66,334.18,2324.01,8715.73,1.08,44.32,315.32,2388.1,8047.77,9.2463,0.02,365,2324,100.0,24.39,14.5769
2000-10-14 00:01:04,489.05,605.17,1514.07,1312.43,10.52,15.5,394.24,2318.98,8776.94,1.26,45.42,371.36,2388.16,8119.75,8.6698,0.03,369,2319,100.0,28.57,17.0922
2000-10-15 00:01:04,445.0,549.93,1352.88,1123.52,3.91,5.71,138.59,2211.72,8316.63,1.02,42.11,130.39,2387.81,8076.34,9.417,0.02,331,2212,100.0,10.46,6.3307
2000-10-16 00:01:04,491.19,607.03,1483.22,1258.31,9.35,13.66,334.31,2323.96,8716.04,1.08,44.44,314.49,2388.11,8055.86,9.2439,0.02,366,2324,100.0,24.43,14.7111
2000-10-17 00:01:04,518.67,643.19,1587.65,1409.16,14.62,21.61,553.47,2388.15,9045.57,1.3,47.37,522.15,2388.12,8127.84,8.4298,0.03,394,2388,100.0,38.81,23.2097
2000-10-18 00:01:04,445.0,549.57,1350.32,1123.13,3.91,5.72,138.09,2211.76,8311.0,1.02,42.24,130.63,2387.77,8082.04,9.3495,0.02,331,2212,100.0,10.61,6.2251
2000-10-19 00:01:04,449.44,556.23,1368.83,1129.91,5.48,8.0,193.61,2222.8,8351.01,1.02,42.12,182.75,2387.92,8062.43,9.3217,0.02,335,2223,100.0,14.89,8.9038
2000-10-20 00:01:04,462.54,537.45,1266.19,1045.87,7.05,9.03,175.17,1915.22,8010.44,0.94,36.7,164.25,2028.08,7871.22,10.8838,0.02,308,1915,84.93,14.14,8.6128
2000-10-21 00:01:04,445.0,549.8,1355.16,1128.25,3.91,5.72,138.27,2211.72,8311.62,1.02,42.12,130.27,2387.77,8074.32,9.3713,0.02,332,2212,100.0,10.5,6.4567
2000-10-22 00:01:04,491.19,607.82,1490.5,1248.27,9.35,13.66,334.37,2323.98,8720.08,1.08,44.51,314.83,2388.07,8054.1,9.2436,0.02,366,2324,100.0,24.42,14.6444
2000-10-23 00:01:04,462.54,536.65,1264.38,1053.2,7.05,9.02,174.94,1915.25,8010.06,0.94,36.88,164.65,2028.09,7867.51,10.9124,0.02,308,1915,84.93,14.21,8.4875
2000-10-24 00:01:04,449.44,556.09,1362.21,1133.2,5.48,8.0,194.11,2222.81,8344.15,1.02,42.04,183.11,2387.91,8056.65,9.3551,0.02,334,2223,100.0,14.94,8.9169
2000-10-25 00:01:04,445.0,549.35,1353.92,1123.74,3.91,5.71,138.91,2211.73,8311.65,1.02,42.25,130.53,2387.81,8076.51,9.4187,0.02,332,2212,100.0,10.71,6.355
2000-10-26 00:01:04,445.0,549.7,1350.06,1136.89,3.91,5.71,138.75,2211.71,8317.25,1.02,42.25,130.35,2387.74,8075.41,9.4255,0.02,332,2212,100.0,10.71,6.3376
2000-10-27 00:01:04,445.0,549.94,1349.56,1129.37,3.91,5.72,139.05,2211.7,8317.31,1.02,42.15,130.07,2387.79,8077.3,9.3761,0.02,331,2212,100.0,10.5,6.3656
2000-10-28 00:01:04,445.0,550.04,1357.78,1135.53,3.91,5.71,138.11,2211.7,8324.5,1.02,42.01,129.99,2387.77,8076.54,9.4096,0.02,330,2212,100.0,10.62,6.2995
2000-10-29 00:01:04,489.05,604.84,1502.96,1315.29,10.52,15.5,394.41,2318.97,8773.12,1.26,45.4,371.45,2388.19,8121.95,8.686,0.03,371,2319,100.0,28.36,17.1877
2000-10-30 00:01:04,445.0,550.01,1347.84,1134.63,3.91,5.71,138.23,2211.71,8320.98,1.02,42.19,130.19,2387.74,8076.46,9.3648,0.02,332,2212,100.0,10.58,6.3031
2000-10-31 00:01:04,445.0,549.92,1351.85,1125.04,3.91,5.71,138.56,2211.77,8322.03,1.02,42.24,130.34,2387.84,8076.92,9.4056,0.02,331,2212,100.0,10.64,6.304
2000-11-01 00:01:04,445.0,548.99,1354.18,1122.03,3.91,5.71,138.88,2211.78,8314.12,1.02,42.14,130.74,2387.75,8075.79,9.4128,0.02,332,2212,100.0,10.44,6.3086
2000-11-02 00:01:04,518.67,643.31,1588.92,1414.57,14.62,21.61,552.45,2388.13,9051.11,1.3,47.56,521.0,2388.08,8131.87,8.4813,0.03,394,2388,100.0,38.59,23.2586
2000-11-03 00:01:04,445.0,549.85,1353.69,1130.74,3.91,5.72,138.52,2211.69,8311.8,1.02,42.19,130.31,2387.79,8075.94,9.3978,0.02,331,2212,100.0,10.56,6.2968
2000-11-04 00:01:04,445.0,549.88,1355.79,1124.7,3.91,5.71,137.63,2211.72,8315.8,1.02,42.26,130.23,2387.75,8075.04,9.4324,0.02,331,2212,100.0,10.69,6.2615
2000-11-05 00:01:04,518.67,642.73,1592.02,1408.73,14.62,21.61,553.24,2388.16,9045.34,1.3,47.86,521.02,2388.13,8129.08,8.4458,0.03,391,2388,100.0,38.65,23.178
2000-11-06 00:01:04,518.67,642.69,1597.03,1407.99,14.62,21.61,553.13,2388.07,9050.03,1.3,47.63,521.38,2388.19,8134.22,8.459,0.03,393,2388,100.0,38.8,23.4419
2000-11-07 00:01:04,491.19,607.83,1489.61,1255.32,9.35,13.66,333.64,2324.03,8716.38,1.08,44.52,314.91,2388.11,8053.95,9.2452,0.02,366,2324,100.0,24.39,14.6938
2000-11-08 00:01:04,489.05,604.95,1505.97,1324.04,10.52,15.49,393.45,2319.01,8771.62,1.26,45.43,371.53,2388.24,8118.75,8.6663,0.03,369,2319,100.0,28.51,17.0546
2000-11-09 00:01:04,462.54,536.98,1261.01,1051.34,7.05,9.03,175.22,1915.14,7997.5,0.94,36.96,164.47,2028.15,7867.15,10.9234,0.02,306,1915,84.93,14.22,8.5341
2000-11-10 00:01:04,445.0,549.54,1357.66,1129.75,3.91,5.72,138.9,2211.69,8315.17,1.02,42.36,130.03,2387.74,8077.14,9.4316,0.02,332,2212,100.0,10.66,6.2949
2000-11-11 00:01:04,489.05,605.5,1506.19,1318.59,10.52,15.49,394.26,2319.05,8778.08,1.26,45.58,371.19,2388.22,8119.41,8.717,0.03,372,2319,100.0,28.35,17.1135
2000-11-12 00:01:04,445.0,549.85,1354.19,1133.98,3.91,5.71,138.24,2211.72,8315.88,1.02,42.46,130.28,2387.78,8081.41,9.4063,0.02,332,2212,100.0,10.59,6.3408
2000-11-13 00:01:04,449.44,556.02,1371.86,1129.93,5.48,8.0,194.79,2222.77,8339.43,1.02,42.07,182.94,2387.83,8058.76,9.3617,0.02,335,2223,100.0,14.67,8.8954
2000-11-14 00:01:04,445.0,549.57,1351.33,1130.58,3.91,5.71,138.53,2211.75,8311.36,1.02,42.17,130.46,2387.81,8077.55,9.3943,0.02,332,2212,100.0,10.29,6.3398
2000-11-15 00:01:04,445.0,549.62,1350.11,1132.31,3.91,5.72,138.59,2211.67,8316.02,1.02,42.26,130.25,2387.67,8069.21,9.3729,0.02,332,2212,100.0,10.61,6.3469
2000-11-16 00:01:04,449.44,556.29,1357.64,1132.64,5.48,8.0,193.78,2222.79,8343.36,1.02,42.09,183.26,2387.88,8053.09,9.36,0.02,336,2223,100.0,14.78,8.8455
2000-11-17 00:01:04,445.0,549.85,1349.88,1128.7,3.91,5.72,138.4,2211.7,8319.4,1.02,42.16,130.47,2387.74,8081.95,9.3599,0.02,332,2212,100.0,10.81,6.4216
2000-11-18 00:01:04,445.0,550.04,1353.58,1138.71,3.91,5.71,139.01,2211.67,8319.69,1.02,42.33,130.62,2387.74,8081.25,9.3892,0.02,331,2212,100.0,10.57,6.3388
2000-11-19 00:01:04,518.67,643.28,1586.71,1414.88,14.62,21.61,552.82,2388.2,9046.38,1.3,47.74,520.43,2388.19,8127.2,8.4747,0.03,395,2388,100.0,38.78,23.2801
2000-11-20 00:01:04,445.0,549.89,1355.58,1139.54,3.91,5.71,138.52,2211.65,8314.84,1.02,42.18,130.27,2387.8,8075.06,9.3915,0.02,333,2212,100.0,10.64,6.3251
2000-11-21 00:01:04,491.19,608.04,1488.94,1257.87,9.35,13.66,333.9,2323.97,8725.41,1.08,44.74,314.44,2388.16,8055.45,9.2578,0.02,367,2324,100.0,24.37,14.6806
2000-11-22 00:01:04,445.0,549.58,1353.85,1129.22,3.91,5.71,138.56,2211.7,8313.45,1.02,42.35,130.56,2387.71,8076.15,9.4193,0.02,334,2212,100.0,10.61,6.3455
2000-11-23 00:01:04,518.67,643.01,1592.56,1417.69,14.62,21.61,551.89,2388.17,9052.04,1.3,47.79,520.97,2388.18,8127.84,8.4548,0.03,393,2388,100.0,38.69,23.2341
2000-11-24 00:01:04,449.44,556.47,1366.64,1134.29,5.48,8.0,193.57,2222.86,8335.59,1.02,42.11,182.87,2387.87,8058.81,9.3322,0.02,335,2223,100.0,14.75,8.9728
2000-11-25 00:01:04,491.19,607.61,1485.89,1262.28,9.35,13.66,333.37,2323.95,8713.49,1.08,44.62,314.23,2388.18,8053.73,9.2484,0.02,366,2324,100.0,24.39,14.6627
2000-11-26 00:01:04,518.67,643.32,1596.3,1410.14,14.62,21.61,552.28,2388.22,9050.87,1.3,47.81,521.13,2388.19,8127.27,8.436,0.03,393,2388,100.0,38.72,23.1214
2000-11-27 00:01:04,518.67,642.56,1601.15,1420.8,14.62,21.61,551.96,2388.17,9049.64,1.3,47.86,520.96,2388.17,8129.34,8.4558,0.03,393,2388,100.0,38.83,23.1891
2000-11-28 00:01:04,462.54,537.23,1266.16,1056.16,7.05,9.03,176.0,1915.14,8008.34,0.94,36.93,164.94,2028.08,7874.3,10.9346,0.02,307,1915,84.93,14.34,8.4597
2000-11-29 00:01:04,491.19,607.87,1488.41,1263.96,9.35,13.66,333.54,2324.05,8710.61,1.08,44.6,314.41,2388.16,8048.51,9.2448,0.03,368,2324,100.0,24.29,14.6068
2000-11-30 00:01:04,491.19,607.77,1490.18,1258.95,9.35,13.66,333.65,2324.02,8713.18,1.08,44.71,314.28,2388.11,8047.78,9.2828,0.03,366,2324,100.0,24.47,14.5351
2000-12-01 00:01:04,449.44,556.1,1369.51,1138.21,5.48,8.0,193.93,2222.84,8341.59,1.02,42.14,182.68,2387.91,8059.45,9.3471,0.02,335,2223,100.0,14.75,8.8999
2000-12-02 00:01:04,445.0,550.44,1360.53,1130.86,3.91,5.72,138.17,2211.62,8313.14,1.02,42.19,130.47,2387.71,8077.59,9.409,0.02,331,2212,100.0,10.4,6.3386
2000-12-03 00:01:04,518.67,643.04,1598.39,1417.15,14.62,21.61,552.07,2388.16,9048.51,1.3,47.68,521.01,2388.13,8124.69,8.5001,0.03,394,2388,100.0,38.6,23.1486
2000-12-04 00:01:04,462.54,536.86,1269.61,1054.98,7.05,9.03,175.23,1915.17,8005.02,0.94,37.02,164.31,2028.07,7868.91,10.9224,0.02,307,1915,84.93,14.3,8.5024
2000-12-05 00:01:04,449.44,556.46,1362.44,1133.69,5.48,8.0,194.57,2222.78,8338.93,1.02,42.09,183.04,2387.91,8053.75,9.3852,0.02,335,2223,100.0,14.67,8.8179
2000-12-06 00:01:04,445.0,549.99,1359.4,1131.45,3.91,5.72,138.76,2211.68,8311.72,1.02,42.22,130.33,2387.75,8070.43,9.4081,0.02,333,2212,100.0,10.58,6.3183
2000-12-07 00:01:04,489.05,604.94,1502.59,1313.12,10.52,15.5,393.54,2319.05,8773.65,1.26,45.78,371.09,2388.25,8126.71,8.6908,0.03,370,2319,100.0,28.41,16.9388
2000-12-08 00:01:04,462.54,536.83,1261.12,1054.18,7.05,9.03,174.95,1915.19,8009.5,0.94,36.99,163.72,2028.13,7872.92,10.949,0.02,308,1915,84.93,14.14,8.4739
2000-12-09 00:01:04,449.44,556.3,1376.98,1137.26,5.48,8.0,194.05,2222.79,8349.3,1.02,42.29,182.97,2387.88,8056.02,9.3754,0.02,334,2223,100.0,14.85,8.819
2000-12-10 00:01:04,445.0,550.07,1356.59,1137.82,3.91,5.71,138.25,2211.65,8320.77,1.02,42.14,130.0,2387.71,8078.84,9.4258,0.02,333,2212,100.0,10.63,6.3658
2000-12-11 00:01:04,491.19,608.15,1488.09,1260.54,9.35,13.66,334.77,2324.03,8717.16,1.07,44.6,314.2,2388.14,8046.97,9.2618,0.03,366,2324,100.0,24.44,14.6304
2000-12-12 00:01:04,445.0,550.19,1362.28,1130.7,3.91,5.72,137.83,2211.65,8321.95,1.02,42.28,130.39,2387.72,8075.83,9.4154,0.02,333,2212,100.0,10.45,6.3893
2000-12-13 00:01:04,491.19,607.6,1486.33,1264.38,9.35,13.66,334.31,2324.0,8708.95,1.07,44.96,314.54,2388.16,8054.81,9.2908,0.03,367,2324,100.0,24.26,14.5114
2000-12-14 00:01:04,449.44,555.9,1369.26,1141.08,5.48,8.0,193.83,2222.83,8345.3,1.02,42.18,183.1,2387.94,8056.57,9.37,0.02,335,2223,100.0,14.77,8.912
2000-12-15 00:01:04,491.19,608.08,1492.15,1270.31,9.35,13.66,333.93,2324.0,8714.85,1.08,44.87,313.91,2388.16,8053.23,9.278,0.02,367,2324,100.0,24.21,14.5959
2000-12-16 00:01:04,491.19,608.21,1481.42,1259.33,9.35,13.66,334.3,2324.04,8719.19,1.07,44.73,314.68,2388.19,8056.88,9.2736,0.03,364,2324,100.0,24.32,14.6193
2000-12-17 00:01:04,449.44,555.37,1372.31,1142.87,5.48,8.0,194.43,2222.85,8346.92,1.02,42.38,182.83,2387.92,8062.02,9.3736,0.02,336,2223,100.0,14.9,8.7558
2000-12-18 00:01:04,518.67,643.28,1596.59,1420.8,14.62,21.61,551.41,2388.22,9045.67,1.3,48.04,520.43,2388.18,8129.48,8.5056,0.03,396,2388,100.0,38.48,23.1824
2000-12-19 00:01:04,491.19,607.95,1488.81,1264.73,9.35,13.66,333.97,2324.07,8715.56,1.08,44.74,313.9,2388.1,8054.06,9.2565,0.03,367,2324,100.0,24.25,14.6524
2000-12-20 00:01:04,445.0,550.0,1357.12,1134.18,3.91,5.72,138.44,2211.64,8312.5,1.02,42.48,129.95,2387.7,8072.71,9.4424,0.02,332,2212,100.0,10.65,6.2876
2000-12-21 00:01:04,489.05,605.73,1511.5,1321.88,10.52,15.5,393.99,2319.08,8767.64,1.26,45.88,370.36,2388.3,8119.13,8.7022,0.03,369,2319,100.0,28.41,17.0238
2000-12-22 00:01:04,489.05,605.79,1507.56,1324.49,10.52,15.5,393.39,2319.15,8765.89,1.26,45.81,370.36,2388.32,8116.64,8.7033,0.03,371,2319,100.0,28.36,17.0359
2000-12-23 00:01:04,462.54,537.58,1267.21,1056.55,7.05,9.03,175.46,1915.21,8010.07,0.94,37.01,164.34,2028.05,7861.3,10.9431,0.02,308,1915,84.93,14.42,8.513
2000-12-24 00:01:04,489.05,604.96,1503.62,1323.6,10.52,15.5,393.31,2319.06,8769.46,1.26,45.78,370.84,2388.32,8117.79,8.6673,0.03,372,2319,100.0,28.39,17.0216
2000-12-25 00:01:04,445.0,550.14,1360.46,1143.39,3.91,5.72,138.05,2211.65,8317.4,1.02,42.54,130.05,2387.68,8078.28,9.3761,0.02,332,2212,100.0,10.51,6.3062
2000-12-26 00:01:04,491.19,607.88,1486.54,1252.66,9.35,13.66,333.29,2324.03,8713.73,1.07,44.72,314.17,2388.12,8055.26,9.2857,0.03,366,2324,100.0,24.14,14.6142
2000-12-27 00:01:04,491.19,608.42,1493.29,1266.16,9.35,13.66,333.88,2324.01,8713.34,1.08,44.83,314.52,2388.22,8045.96,9.2919,0.03,368,2324,100.0,24.4,14.6394
2000-12-28 00:01:04,489.05,605.85,1505.81,1317.32,10.52,15.5,393.79,2319.1,8767.42,1.26,45.88,370.67,2388.33,8120.68,8.7376,0.03,372,2319,100.0,28.37,17.056
2000-12-29 00:01:04,489.05,605.56,1504.13,1321.59,10.52,15.5,393.08,2319.11,8765.75,1.26,46.0,370.58,2388.34,8116.05,8.7261,0.03,372,2319,100.0,28.28,16.9566
2000-12-30 00:01:04,462.54,537.01,1270.51,1061.34,7.05,9.03,174.89,1915.16,7997.57,0.94,36.89,163.95,2028.06,7864.07,10.9512,0.02,309,1915,84.93,14.33,8.5522
2000-12-31 00:01:04,449.44,556.77,1370.45,1144.21,5.48,8.0,194.42,2222.76,8348.7,1.02,42.31,182.83,2387.82,8052.21,9.3896,0.02,337,2223,100.0,14.6,8.9089
2001-01-01 00:01:04,445.0,550.32,1360.4,1138.02,3.91,5.72,138.17,2211.53,8308.67,1.02,42.63,130.54,2387.64,8065.26,9.439,0.02,332,2212,100.0,10.45,6.2789
2001-01-02 00:01:04,445.0,550.25,1359.78,1139.0,3.91,5.72,138.23,2211.6,8316.35,1.02,42.44,130.22,2387.61,8072.61,9.4553,0.02,333,2212,100.0,10.62,6.2807
2001-01-03 00:01:04,445.0,550.15,1355.11,1138.54,3.91,5.72,138.57,2211.55,8321.58,1.02,42.41,130.14,2387.65,8070.33,9.4486,0.02,334,2212,100.0,10.47,6.3016
2001-01-04 00:01:04,462.54,537.55,1271.86,1059.94,7.05,9.03,174.94,1915.16,8005.93,0.94,36.99,164.57,2027.99,7863.67,10.9785,0.02,309,1915,84.93,14.13,8.5409
2001-01-05 00:01:04,518.67,643.25,1602.02,1415.34,14.62,21.61,552.03,2388.25,9043.97,1.3,48.05,519.96,2388.28,8122.47,8.5078,0.03,397,2388,100.0,38.59,23.2008
2001-01-06 00:01:04,489.05,605.78,1503.56,1326.98,10.52,15.5,393.39,2319.12,8769.55,1.26,45.99,370.7,2388.33,8109.7,8.7293,0.03,373,2319,100.0,28.23,17.0202
2001-01-07 00:01:04,462.54,537.24,1262.01,1057.25,7.05,9.03,175.11,1915.13,8005.59,0.94,37.27,163.9,2028.12,7863.73,10.9895,0.02,307,1915,84.93,14.12,8.4116
2001-01-08 00:01:04,491.19,608.45,1492.86,1273.67,9.35,13.66,334.0,2324.04,8715.43,1.07,45.05,314.16,2388.2,8053.21,9.2851,0.03,367,2324,100.0,24.29,14.5692
2001-01-09 00:01:04,489.05,606.29,1511.71,1324.76,10.52,15.5,392.78,2319.13,8770.13,1.26,46.15,370.8,2388.35,8114.19,8.7216,0.03,372,2319,100.0,28.57,16.8945
2001-01-10 00:01:04,518.67,643.52,1604.11,1423.89,14.62,21.61,551.76,2388.27,9043.97,1.3,48.21,519.39,2388.24,8120.77,8.495,0.03,396,2388,100.0,38.56,22.9939
2001-01-11 00:01:04,445.0,551.19,1359.53,1144.09,3.91,5.72,138.22,2211.59,8318.79,1.02,42.55,129.94,2387.63,8070.14,9.4497,0.02,332,2212,100.0,10.48,6.3837
2001-01-12 00:01:04,518.67,644.34,1603.05,1427.12,14.62,21.61,551.75,2388.24,9050.43,1.3,48.01,520.05,2388.25,8124.18,8.5104,0.03,393,2388,100.0,38.54,23.1138
2001-01-13 00:01:04,462.54,537.43,1264.6,1061.81,7.05,9.03,175.65,1915.15,8007.92,0.94,37.36,164.12,2027.99,7859.98,11.0029,0.02,308,1915,84.93,14.26,8.4818
2001-01-14 00:01:04,518.67,643.8,1598.81,1436.01,14.62,21.61,551.6,2388.28,9041.57,1.3,47.98,519.73,2388.31,8121.63,8.4736,0.03,395,2388,100.0,38.55,23.0629
2001-01-15 00:01:04,445.0,550.78,1370.71,1146.03,3.91,5.72,138.97,2211.52,8315.01,1.02,42.67,130.61,2387.53,8062.12,9.4495,0.02,333,2212,100.0,10.59,6.3476
2001-01-16 00:01:04,462.54,537.2,1273.64,1065.84,7.05,9.03,174.18,1915.12,8002.18,0.94,37.24,164.28,2028.03,7860.42,10.9767,0.02,307,1915,84.93,14.06,8.4739
2001-01-17 00:01:04,449.44,556.7,1368.23,1148.15,5.48,8.0,193.53,2222.77,8346.04,1.02,42.44,182.49,2387.79,8056.65,9.4458,0.02,336,2223,100.0,14.7,8.8453
2001-01-18 00:01:04,489.05,605.93,1518.0,1326.05,10.52,15.5,393.66,2319.22,8769.28,1.26,46.06,369.69,2388.39,8116.2,8.7474,0.03,372,2319,100.0,28.25,16.9704
2001-01-19 00:01:04,489.05,605.65,1510.96,1331.58,10.52,15.5,392.8,2319.24,8773.74,1.26,45.94,370.76,2388.42,8118.08,8.782,0.03,370,2319,100.0,28.18,17.0102
2001-01-20 00:01:04,445.0,549.95,1359.58,1144.48,3.91,5.72,137.95,2211.5,8308.61,1.02,42.64,130.32,2387.59,8065.68,9.4954,0.02,331,2212,100.0,10.55,6.3683
2001-01-21 00:01:04,518.67,643.87,1599.61,1431.49,14.62,21.61,550.46,2388.3,9047.97,1.3,48.24,519.03,2388.27,8116.34,8.5416,0.03,398,2388,100.0,38.41,23.0688
